position,title,place_id,data_id,data_cid,provider_id,rating,reviews,type,types,type_id,address,latitude,longitude,phone,website,hours,open_state,operating_hours_detailed,price,price_level,accessibility,payment_methods,service_options,amenities,user_review_highlight,thumbnail,serpapi_thumbnail,reviews_link,photos_link,place_id_search,cidade_oficial,categoria_governo,data_extracao_oficial,auditoria_governo
1,Lets Go Presentes,ChIJVRj-jedFNQcRJCWdf97uxKg,0x73545e78dfe1855:0xa8c4eede7f9d2524,12161107533198337316,/g/11r9v88_lk,5,3,Loja de Presentes,Loja de Presentes,gift_shop,"Rua Pedro Álvares Cabral, 55a - São Pedro, Teixeira de Freitas - BA, 45985-172, Brasil",-17.5379673,-39.7401834,+55 73 3016-3669,,Fechado ⋅ Abre às 08:00,Fechado ⋅ Abre às 08:00,terça-feira: 08:00–18:00; quarta-feira: 08:00–18:00; quinta-feira: 08:00–18:00; sexta-feira: 08:00–18:00; sábado: 09:00–13:00; domingo: Fechado; segunda-feira: 08:00–18:00,,,,"Cartão de crédito, Cartão de débito, Pagamentos por dispositivo móvel via NFC",Entrega,,,https://streetviewpixels-pa.googleapis.com/v1/thumbnail?panoid=DO1uNCfHkwgsCl9p4LX7UA&cb_client=search.gws-prod.gps&w=80&h=92&yaw=35.90781&pitch=0&thumbfov=100,https://serpapi.com/images/url/AprRuXicHc1LCsIwFADA22RnPn5oKwSRunAhuhLcSZqmSTBtHs1ro6fxXN5G8QIzn7dDhLRlLOFoDM7eZPBPE9ICFLUx2mAU-ER17NksGLqpbwblww7UEH0rDxcxnevu-Mg21aGC9elWXPdEN3cdvBlQJqNG7ajNP3GMLbWQSJYlJ05WS_JSWa42tOJFKQh41E5y8k-6OEvB-RcpnjkJ,https://serpapi.com/search.json?data_id=0x73545e78dfe1855%3A0xa8c4eede7f9d2524&engine=google_maps_reviews&hl=pt,https://serpapi.com/search.json?data_id=0x73545e78dfe1855%3A0xa8c4eede7f9d2524&engine=google_maps_photos&hl=pt,https://serpapi.com/search.json?engine=google_maps&google_domain=google.com&hl=pt&place_id=ChIJVRj-jedFNQcRJCWdf97uxKg,"Pedro Teixeira, MG",lojas_presentes,2025-07-29T00:44:23.814849,COMPLETA
2,Luna Dress,ChIJY-8QTDytmAARbkYskkkGBCo,0x98ad3c4c10ef63:0x2a040649922c466e,3027551762554570350,/g/11y89ksk5n,5,1,Loja de roupas para jovens,Loja de roupas para jovens,youth_clothing_store,"Coronel João jacinto - centro, Pedro Teixeira - MG, 36148-000, Brasil",-21.7050594,-43.7440567,+55 32 99141-4579,https://www.lunadress.com.br/,Fechado ⋅ Abre às 09:00,Fechado ⋅ Abre às 09:00,terça-feira: 09:00–17:00; quarta-feira: 09:00–17:00; quinta-feira: 09:00–17:00; sexta-feira: 09:00–17:00; sábado: 09:00–13:00; domingo: Fechado; segunda-feira: 09:00–17:00,,,,"Cartão de crédito, Cartão de débito, Pagamentos por dispositivo móvel via NFC",,,"""Otima localização e preços justos.""",https://lh3.googleusercontent.com/p/AF1QipOM4VVmqijEQH6TY36MLrRoeN98DRsjOU7XqJtF=w80-h92-k-no,https://serpapi.com/images/url/vAF6x3icuxmbUVJSUGylr5-TYayXnp-fnpNaWpxalJyfV5KaV6KXnJ-rX6Dv6GYYmFng72sSFpZbmJnlGuhhFhJpbObrUxSUn-pnaeESVJzlH2oeUehV4mZbbmGgm2FppJutm5cPAHoQIKs,https://serpapi.com/search.json?data_id=0x98ad3c4c10ef63%3A0x2a040649922c466e&engine=google_maps_reviews&hl=pt,https://serpapi.com/search.json?data_id=0x98ad3c4c10ef63%3A0x2a040649922c466e&engine=google_maps_photos&hl=pt,https://serpapi.com/search.json?engine=google_maps&google_domain=google.com&hl=pt&place_id=ChIJY-8QTDytmAARbkYskkkGBCo,"Pedro Teixeira, MG",lojas_presentes,2025-07-29T00:44:23.814849,COMPLETA
3,Loja Da Josi,ChIJk5isz4CtmAARH1XygcL8yXI,0x98ad80cfac9893:0x72c9fcc281f2551f,8271420102976623903,/g/11p_0fzgv9,,0,Loja de Roupa,Loja de Roupa,clothing_store,"MG-135, Pedro Teixeira - MG, 36148-000, Brasil",-21.7065849,-43.7482456,,,Permanently closed,Permanently closed,,,,,,,,,https://streetviewpixels-pa.googleapis.com/v1/thumbnail?panoid=-Mcawdts7dN5ZpaXTwgETQ&cb_client=search.gws-prod.gps&w=80&h=92&yaw=202.6404&pitch=0&thumbfov=100,https://serpapi.com/images/url/6oCG3HicHc1LDsIgEADQ27Ar0KZ-E9KVS01MujBuzBQQSGiZlLHoaTyXt9F4gfc-b0-EeS9EptlaWoItGJ425gqBu5RctIAhc51GsdSC_GMcJgixQ5hSMKo6aiiG8sacVleES1_coT8zPdx0DHYilS3M2nNXfuKcDHeYWVFbybzaNewFRTWy4etWtgwDaa8k-yf3tKhayi9VWzmG,https://serpapi.com/search.json?data_id=0x98ad80cfac9893%3A0x72c9fcc281f2551f&engine=google_maps_reviews&hl=pt,https://serpapi.com/search.json?data_id=0x98ad80cfac9893%3A0x72c9fcc281f2551f&engine=google_maps_photos&hl=pt,https://serpapi.com/search.json?engine=google_maps&google_domain=google.com&hl=pt&place_id=ChIJk5isz4CtmAARH1XygcL8yXI,"Pedro Teixeira, MG",lojas_presentes,2025-07-29T00:44:23.814849,COMPLETA
4,BRECHO DA PROSPERIDADE,ChIJdczE1HeymAARxdXOk9UDae8,0x98b277d4c4cc75:0xef6903d593ced5c5,17251324063462118853,/g/11tp160l4b,,0,Loja de descontos,Loja de descontos,discount_store,"MG-135, Pedro Teixeira - MG, 36148-000, Brasil",-21.71094,-43.7406734,,,Permanently closed,Permanently closed,,,,,,,,,https://streetviewpixels-pa.googleapis.com/v1/thumbnail?panoid=BVV7euhXshPfQauOJ2yMDA&cb_client=search.gws-prod.gps&w=80&h=92&yaw=226.20291&pitch=0&thumbfov=100,https://serpapi.com/images/url/32_rnnicHc3BDcIgFADQbbgJlINaE2I0nkyMemm8mV_6CyS0kALFbuNabqNxgfc-b5NSiDvGYpoQ02yxBPtCF1cBqPZeO4RgI1V-YHPFkslDO4J1-wCjt508Ns0Gs3lEc-vvkK9nsVxOB6Lap3IWxyQjwqQM1eUnTr6jOkRS5JYTI2tBFihSiDUVXNQVCTYpIzn5L72fZcX5F37aOY0,https://serpapi.com/search.json?data_id=0x98b277d4c4cc75%3A0xef6903d593ced5c5&engine=google_maps_reviews&hl=pt,https://serpapi.com/search.json?data_id=0x98b277d4c4cc75%3A0xef6903d593ced5c5&engine=google_maps_photos&hl=pt,https://serpapi.com/search.json?engine=google_maps&google_domain=google.com&hl=pt&place_id=ChIJdczE1HeymAARxdXOk9UDae8,"Pedro Teixeira, MG",lojas_presentes,2025-07-29T00:44:23.814849,COMPLETA
1,Ponto do Artesão,ChIJK6dG1vyZpgARy8mt5Dx2vGw,0xa699fcd646a72b:0x6cbc763ce4adc9cb,7835267455624530379,/g/1tfqh0rp,4.4,2059,Loja de materiais para artesanato,Loja de materiais para artesanato,craft_store,"R. Curitiba, 689 - Centro, Belo Horizonte - MG, 30170-121, Brasil",-19.918729,-43.941144,+55 31 3201-7051,http://www.pontodoartesao.com.br/,Fechado ⋅ Abre às 09:00,Fechado ⋅ Abre às 09:00,terça-feira: 09:00–18:00; quarta-feira: 09:00–18:00; quinta-feira: 09:00–18:00; sexta-feira: 09:00–18:00; sábado: 09:00–13:30; domingo: Fechado; segunda-feira: 09:00–18:00,,,Entrada com acessibilidade para pessoas em cadeira de rodas,"Cartão de crédito, Cartão de débito, Pagamentos por dispositivo móvel via NFC",Retirada na loja,,"""Lindas peças de artesanato e excelente atendimento e preço""",https://lh3.googleusercontent.com/gps-cs-s/AC9h4nq7b8O4pKdBYU04tF9dLdhl4L5dSHwMKHmsqG_51uthlSWbmYzrOirGz1Cgxy7EarPt5VkjcFccP4pTwR5xZUbkZCm_JqmkZ17F9OJCibc9d-wKKWSpqpQF17EQE6_dj4_CHLkHhw=w122-h92-k-no,https://serpapi.com/images/url/9IoHcHicBcFdboIwAADgE1VWVsZq4oNrQCIsqPgTeSGjJRRKaaE1VS_oGbzNvu_94tZqs_S8gX8uWqXaobmZZqZqtM1oF1RJr9UGUAOMtyaYo3EK6-8c6ZT9XE8fyMaYZYwPKAtYkbjfNJFm2lQBvFk-FJdaXp9z3s2bJyTt_RFGf_POBmfR05jSHdJHdwju5akWJZHVdpKihGGM8y3paooZcGl6KfSk9zEMo330VbEeVSTJRMLdykHfBxz7QIBR_QNu3UVd,https://serpapi.com/search.json?data_id=0xa699fcd646a72b%3A0x6cbc763ce4adc9cb&engine=google_maps_reviews&hl=pt,https://serpapi.com/search.json?data_id=0xa699fcd646a72b%3A0x6cbc763ce4adc9cb&engine=google_maps_photos&hl=pt,https://serpapi.com/search.json?engine=google_maps&google_domain=google.com&hl=pt&place_id=ChIJK6dG1vyZpgARy8mt5Dx2vGw,"Pedro Teixeira, MG",lojas_artesanato,2025-07-29T00:44:26.857801,COMPLETA
2,Loja de artesanato,ChIJj4CUauS9pgARBFxY3XvxEsY,0xa6bde46a94808f:0xc612f17bdd585c04,14272735683387350020,/g/11gcmp_3rt,,0,Artesanato,Artesanato,handicraft,"R. José Brandão - Barreiro, Belo Horizonte - MG, 30640-020, Brasil",-19.975241699999998,-44.0139654,,,Permanently closed,Permanently closed,,,,,,,,,https://streetviewpixels-pa.googleapis.com/v1/thumbnail?panoid=MBsH6R6WiotpzJM6-TdygA&cb_client=search.gws-prod.gps&w=80&h=92&yaw=60.497852&pitch=0&thumbfov=100,https://serpapi.com/images/url/5noNSXicHc1RCsIgGADg2_g2daNsCyTqKYK9RNBjOGf6g5s_02brNF2r2xRd4Ps-b5cSxi1jMU3GpBlMRngaHwtU1IZgvVEIkeowsLlkyT2GblTgd6jGAL1sD_EozuIKIeHr1Iri0i92T3R30x7MmGQ0atKO2vwTp9BTi5FkWXPiZFORRWUpOF01m3pdEYSkneTkv9zDLEvOv3DyOXk,https://serpapi.com/search.json?data_id=0xa6bde46a94808f%3A0xc612f17bdd585c04&engine=google_maps_reviews&hl=pt,https://serpapi.com/search.json?data_id=0xa6bde46a94808f%3A0xc612f17bdd585c04&engine=google_maps_photos&hl=pt,https://serpapi.com/search.json?engine=google_maps&google_domain=google.com&hl=pt&place_id=ChIJj4CUauS9pgARBFxY3XvxEsY,"Pedro Teixeira, MG",lojas_artesanato,2025-07-29T00:44:26.857801,COMPLETA
2,MÓVEIS NOVA ERA,ChIJVVyaKIetmAARCAeMExXOH6Y,0x98ad87289a5c55:0xa61fce15138c0708,11970512924491646728,/g/11rqsmr836,,0,Loja de móveis,Loja de móveis,furniture_store,"MG-135, Pedro Teixeira - MG, 36148-000, Brasil",-21.706413299999998,-43.7472079,,,Permanently closed,Permanently closed,,,,,,,,,https://streetviewpixels-pa.googleapis.com/v1/thumbnail?panoid=SO1C6tGtD_0_sbqu9woJGw&cb_client=search.gws-prod.gps&w=80&h=92&yaw=163.53262&pitch=0&thumbfov=100,https://serpapi.com/images/url/fryEUnicHc1LCsIwEADQ22RnPi0WKwQXCgU3LjxASWNMBtJmbKaN3sZreRvFC7z3eQcizHshMs3O0QquIDxdzBs03KfkozMImds0ilUJCss4TAbiAc2U4KavF3VsqKNTL_s8PJa2pHNXmB16G8FNpLMzsw3cl584pxv3mFnRO8mCbiv2MkWrpubbumoqhkA2aMn-yz2tWkn5BXllOZM,https://serpapi.com/search.json?data_id=0x98ad87289a5c55%3A0xa61fce15138c0708&engine=google_maps_reviews&hl=pt,https://serpapi.com/search.json?data_id=0x98ad87289a5c55%3A0xa61fce15138c0708&engine=google_maps_photos&hl=pt,https://serpapi.com/search.json?engine=google_maps&google_domain=google.com&hl=pt&place_id=ChIJVVyaKIetmAARCAeMExXOH6Y,"Pedro Teixeira, MG",lojas_decoracao,2025-07-29T00:44:29.925154,COMPLETA
1,Gesto Gráfico Galeria de Arte,ChIJuVk3XdCZpgARDpm7C5LPI74,0xa699d05d3759b9:0xbe23cf920bbb990e,13701022717560199438,/g/11c1r25c0v,,0,Galeria de Arte,Galeria de Arte,art_gallery,"R. Orange, 43 - São Pedro, Belo Horizonte - MG, 30330-020, Brasil",-19.940819299999998,-43.9359543,+55 31 2552-2628,http://galeriagestografico.com.br/,,,,,,,,,,,https://streetviewpixels-pa.googleapis.com/v1/thumbnail?panoid=pCSR4IkYVtIJyJDB3rArOg&cb_client=search.gws-prod.gps&w=80&h=92&yaw=14.427831&pitch=0&thumbfov=100,https://serpapi.com/images/url/ERDQhXicHc3dCsIgGADQt_Euf7ZBK5Do52a7CQqCrsI5U8nND7XZ3qbX6m2KXuCcz9ukBHFNSExBqTRZlcG-lIsLEFh7r50SYCOWfiATI8k8h24U1m1AjN72HPbnU9U8rpfUtHN72JVhG44aye4mnVVj4lGJIA3W-ScG32MNEWVeU2T4qkCzyJxVuCqWdckQ2CQNp-i_3P3EGaVfZ5U5Uw,https://serpapi.com/search.json?data_id=0xa699d05d3759b9%3A0xbe23cf920bbb990e&engine=google_maps_reviews&hl=pt,https://serpapi.com/search.json?data_id=0xa699d05d3759b9%3A0xbe23cf920bbb990e&engine=google_maps_photos&hl=pt,https://serpapi.com/search.json?engine=google_maps&google_domain=google.com&hl=pt&place_id=ChIJuVk3XdCZpgARDpm7C5LPI74,"Pedro Teixeira, MG",galerias_arte,2025-07-29T00:44:32.984457,COMPLETA
2,Galeria de Arte Medeiros,ChIJF_dcDb6PpgARF8wmh91NAq8,0xa68fbe0d5cf717:0xaf024ddd8726cc17,12610727520441388055,/g/11lgsp24hr,4.9,7,Galeria de Arte,"Galeria de Arte, Marchand, Fotógrafo",art_gallery,"Rua José Avelino Souza, 24 - Minas Caixa, Belo Horizonte - MG, 31610-620, Brasil",-19.807171,-43.9543861,+55 31 98395-5376,http://instagram.com/thehatphotostudio,Fechado ⋅ Abre às 09:00,Fechado ⋅ Abre às 09:00,terça-feira: 09:00–20:00; quarta-feira: 09:00–20:00; quinta-feira: 09:00–20:00; sexta-feira: 09:00–20:00; sábado: 10:00–14:00; domingo: 09:00–20:00; segunda-feira: 09:00–20:00,,,,,Serviços no local,,,https://lh3.googleusercontent.com/gps-cs-s/AC9h4no0aahhg2s2NviUvRNRQOZq1SxDCvyCejT-eryvi4Y9OVSz11CVjxxMtz3YSOiOIdahkOms0ywzbDIJUUGBltfeRAsoEpl8ysotHwvRMV5X3fHeoBLqvRL2lJHBPEGI6dWzxJP-=w80-h142-k-no,https://serpapi.com/images/url/R_DOuXicBcFbjoIwFADQFVWeY9TEDwEjELVaBMf5Y7BStHLRW8tjfy7C3XjO5y2UanBmGFI4oxKglPyF_FlArXitRgXcjbJBUiBBY-FPhVuDmedClDbaW12lmm3Znv49rKQLfN37_Hog_Nnryj1NaZYMluVn167bqME5JbSi0TkXN3pHs2-H_yCK03TlSXXhbIGwbOSkR1Bhq9km-_l1LiEHb_3QbG3LOPR2y1U0Ph-HLt6ReTsxibBcm9xIDV9nbEYD,https://serpapi.com/search.json?data_id=0xa68fbe0d5cf717%3A0xaf024ddd8726cc17&engine=google_maps_reviews&hl=pt,https://serpapi.com/search.json?data_id=0xa68fbe0d5cf717%3A0xaf024ddd8726cc17&engine=google_maps_photos&hl=pt,https://serpapi.com/search.json?engine=google_maps&google_domain=google.com&hl=pt&place_id=ChIJF_dcDb6PpgARF8wmh91NAq8,"Pedro Teixeira, MG",galerias_arte,2025-07-29T00:44:32.984457,COMPLETA
3,LAR. Lugar de Arte,ChIJ-bY2pEVfowARQ403KKN1Ong,0xa35f45a436b6f9:0x783a75a328378d43,8663366176815418691,/g/11mvyy_w9t,5,1,Galeria de Arte,Galeria de Arte,art_gallery,"BR-120, 212 - loja 212 - patrimonio, Teixeiras - MG, 36580-000, Brasil",-20.659177099999997,-42.8559037,+55 11 98971-7595,,Fechado ⋅ Abre às 10:00,Fechado ⋅ Abre às 10:00,terça-feira: 10:00–19:00; quarta-feira: 10:00–19:00; quinta-feira: 10:00–19:00; sexta-feira: 10:00–19:00; sábado: 10:00–19:00; domingo: 10:00–16:00; segunda-feira: Fechado,,,"Banheiro com acessibilidade para pessoas em cadeira de rodas, Estacionamento com acessibilidade para pessoas em cadeira de rodas",,,,,https://lh3.googleusercontent.com/p/AF1QipNyvzL6Rq1eX4xWPoA2c0vUjPjO6LMNTYlhQ4jX=w92-h92-k-no,https://serpapi.com/images/url/3PdYF3icuxmbUVJSUGylr5-TYayXnp-fnpNaWpxalJyfV5KaV6KXnJ-rX6Dv6GYYmFngV1lW5WMWVGiYGmFSER6Q72iUbFAWmhWQ5W_m4-sXEpmTEWiSFWFbbmmkmwHE2bp5-QCOpCEh,https://serpapi.com/search.json?data_id=0xa35f45a436b6f9%3A0x783a75a328378d43&engine=google_maps_reviews&hl=pt,https://serpapi.com/search.json?data_id=0xa35f45a436b6f9%3A0x783a75a328378d43&engine=google_maps_photos&hl=pt,https://serpapi.com/search.json?engine=google_maps&google_domain=google.com&hl=pt&place_id=ChIJ-bY2pEVfowARQ403KKN1Ong,"Pedro Teixeira, MG",galerias_arte,2025-07-29T00:44:32.984457,COMPLETA
4,Gal Arte & Pesquisa,ChIJVVWBGS-YpgAR3bo0prqkjDs,0xa6982f19815555:0x3b8ca4baa634badd,4290985666536585949,/g/11syyy_75y,,0,Galeria de Arte,Galeria de Arte,art_gallery,"R. Sinval de Sá, 586 - 2º Andar - Cidade Jardim, Belo Horizonte - MG, 30380-070, Brasil",-19.9397575,-43.9524676,+55 31 99370-8998,https://gal.art.br/,,,,,,Banheiro com acessibilidade para pessoas em cadeira de rodas,,,,,https://streetviewpixels-pa.googleapis.com/v1/thumbnail?panoid=bxAMI5uwn6Nd0kx67R5Xng&cb_client=search.gws-prod.gps&w=80&h=92&yaw=275.54733&pitch=0&thumbfov=100,https://serpapi.com/images/url/GYu0WXicHc0xDsIgFADQ27AJ1EqrJsQ4Oujg5GYoRfiRAim_pd7Ga3kbjRd47_N2iCnvGcs4GoMzmJJgMT6vkqI2RuuNSpCpjgObK4ZuGrqgwB-SChF62S3H80lMJTSXnj-Xpr2KW7BEd3ftwQSU2ahRO2rLTxxjT23KpMgtJ07u1uSlily3gopNW9ckAWonOfkvjzjLivMvbuU5aA,https://serpapi.com/search.json?data_id=0xa6982f19815555%3A0x3b8ca4baa634badd&engine=google_maps_reviews&hl=pt,https://serpapi.com/search.json?data_id=0xa6982f19815555%3A0x3b8ca4baa634badd&engine=google_maps_photos&hl=pt,https://serpapi.com/search.json?engine=google_maps&google_domain=google.com&hl=pt&place_id=ChIJVVWBGS-YpgAR3bo0prqkjDs,"Pedro Teixeira, MG",galerias_arte,2025-07-29T00:44:32.984457,COMPLETA
1,Pedro Teixeira,ChIJm2UE56KtmAAR7aqTEsw3lIA,0x98ada2e704659b:0x809437cc1293aaed,9265091683032476397,/m/09rt08l,,0,,,,"Minas Gerais, Brasil",-21.7051241,-43.7440352,,,,,,,,,,,,,https://lh3.googleusercontent.com/gps-cs-s/AC9h4nosqGflxir5QgK0crfSXNv_fFwJq2bm4-CosFM8_i1gu7qvpYMpgsPkwodEpJlF8060sKxwct3_aqGo7XG1h3cMSMnhqU36Wp13bamDD2moICncfc01PJjmjS87Hdldcs0t0i_k=w164-h92-k-no,https://serpapi.com/images/url/XiY8VXicBcHRToMwFADQL-poKQIz8cEwQVkwM8RsPpGtQMtoe1tuN_aDfoR_4zl_vyoEh89RpBXfSACphxsOiwAbBhs2AkwkHRKBBKPXYqsSC-irUT-m5elL7qlYxvb0ee_Gcq19fDEJKQDLJu8mJm-Zv7ufxkk8zCv0b67WZU5TivvHKgLvzr6C7FQxxUXTNlb5b54eHeOXs9ntYgMfhRWjoOxQX821zbP3XvcCaaBTN7-sLE2I2sZkJhb-AVRyRYA,https://serpapi.com/search.json?data_id=0x98ada2e704659b%3A0x809437cc1293aaed&engine=google_maps_reviews&hl=pt,https://serpapi.com/search.json?data_id=0x98ada2e704659b%3A0x809437cc1293aaed&engine=google_maps_photos&hl=pt,https://serpapi.com/search.json?engine=google_maps&google_domain=google.com&hl=pt&place_id=ChIJm2UE56KtmAAR7aqTEsw3lIA,"Pedro Teixeira, MG",lojas_souvenir,2025-07-29T00:44:36.056861,COMPLETA
2,Pedro Teixeira,ChIJQeds2oetmAARQDQibObT7Ks,0x98ad87da6ce741:0xabecd3e66c223440,12388509661599511616,/g/1ywtx3lrx,,0,,,,"MG, 36148-000, Brasil",-21.705107599999998,-43.7440497,,,,,,,,,,,,,https://lh3.googleusercontent.com/gps-cs-s/AC9h4nos4GzbLDAEb-QK9UbXx4kDCkbUpkINqOzHlE_XgPvGApILx1IhnwJ5ocKFJh2Th3wlE57VUiLc8AQ-mRYHWLrFMKNLV4VCDugsHcbms89ToX8GhBCBp4jDd0B0qpYMoqMaRwcmGw=w80-h103-k-no,https://serpapi.com/images/url/kFl-p3icBcFbcoIwFADQFYVHiSN0ph-8BCTY6gjil2MikyiQGww2jhvsGrobz_n_E_Os9KdtD8KzOAAfuofu7gzk3MnZYjDaXGnENNJ2GAcCS9A4e1GShClF2zKoafvEfRL3tFZ9sZm-X_mQnlr-85uFqiBPtxDSrBfAytVafOyFZ4Z0sWzqK2F-uEXj7pgfyH1VlRvS4CZOHlznjI7aD_bQ-pmI4kjhW3JxImdSxwqm6rwzbMzMl_EdJFzHQz2S8AYmskSm,https://serpapi.com/search.json?data_id=0x98ad87da6ce741%3A0xabecd3e66c223440&engine=google_maps_reviews&hl=pt,https://serpapi.com/search.json?data_id=0x98ad87da6ce741%3A0xabecd3e66c223440&engine=google_maps_photos&hl=pt,https://serpapi.com/search.json?engine=google_maps&google_domain=google.com&hl=pt&place_id=ChIJQeds2oetmAARQDQibObT7Ks,"Pedro Teixeira, MG",lojas_souvenir,2025-07-29T00:44:36.056861,COMPLETA
1,Doces Teixeira,ChIJN6sHBmB9pgAR99HCsHH6lY4,0xa67d600607ab37:0x8e95fa71b0c2d1f7,10274393491119460855,/g/11g9q7b_9y,5,4,Doceria,Doceria,dessert_shop,"R. dos Beija-Flores, 33, Vespasiano - MG, 33204-074",-19.7612415,-43.9853331,(31) 3459-5210,http://www.docesteixeira.com.br/,Fechado ⋅ Abre às 08:00,Fechado ⋅ Abre às 08:00,terça-feira: 08:00–17:00; quarta-feira: 08:00–17:00; quinta-feira: 08:00–17:00; sexta-feira: 08:00–17:00; sábado: Fechado; domingo: Fechado; segunda-feira: 08:00–17:00,,,,Cartão de débito,,,"""Doces maravilhosos preços de atacado venha e confere""",https://lh3.googleusercontent.com/p/AF1QipP617_46-CaqihBYwYWAyF8vT70fd2CV_0SokZb=w80-h106-k-no,https://serpapi.com/images/url/xjGNgXicuxmXUVJSUGylr5-TYayXnp-fnpNaWpxalJyfV5KaV6KXnJ-rX6Dv6GYYmFkQYGZoHm9ipuucWJiZ4RRZHhnuWOlmURZibpCWYuQcFm8QnJ8dlWRbbmGgm2FoYKabrZuXDwCGZyB4,https://serpapi.com/search.json?data_id=0xa67d600607ab37%3A0x8e95fa71b0c2d1f7&engine=google_maps_reviews&hl=pt,https://serpapi.com/search.json?data_id=0xa67d600607ab37%3A0x8e95fa71b0c2d1f7&engine=google_maps_photos&hl=pt,https://serpapi.com/search.json?engine=google_maps&google_domain=google.com&hl=pt&place_id=ChIJN6sHBmB9pgAR99HCsHH6lY4,"Pedro Teixeira, MG",docerias,2025-07-29T00:44:39.098078,COMPLETA
2,Confeitaria Dona Caju,ChIJNVleLKhfowARfGa6e1IczbA,0xa35fa82c5e5935:0xb0cd1c527bba667c,12739870061489710716,/g/11j0rz7hn_,5,3,Confeitaria,Confeitaria,confectionery,"R. Bom Jesus - Rua Nova, Teixeiras - MG, 36580-000",-20.6516645,-42.8498227,(31) 99717-4394,,Fechado ⋅ Abre às 09:00,Fechado ⋅ Abre às 09:00,terça-feira: 09:00–18:00; quarta-feira: 09:00–18:00; quinta-feira: 09:00–18:00; sexta-feira: 09:00–18:00; sábado: Fechado; domingo: Fechado; segunda-feira: 09:00–18:00,,,,"Cartão de crédito, Cartão de débito, Pagamentos por dispositivo móvel via NFC","Entrega sem contato, Entrega, Retirada na loja",,,https://lh3.googleusercontent.com/gps-cs-s/AC9h4no0rXpH-8nfFQxZ0zMkPacAMUZOTyC_mYynDcUlPKmoiCjAWJefGHYvbGAMYiw20YmbPKi59ehWvLhwZJ7oZ-N4JF8LuXkFVdOhxa1SmaYyWApCB1FQXVDUxNtygqOjblJJ_6j1PA=w80-h106-k-no,https://serpapi.com/images/url/6xrSn3icBcFLcoIwAADQE0VC_RSdcZHCgBNFcBQhbByIkfBJQk0U6AV7ht6m7_39cmN6vbGsjs9nlVJVx16aPamShkkzo0pYVa8B1UBbyF3zhVTwmfU74MiHfxpz-BO2cUFRmOTRZXJvgkzSo0kX74Wq3QalmD2CHXmXAQpJPXxAIsp4Xy_XjKfvAx9y_KlycFxg3zm8sta_3iM-FvZZFGRKUe9-2f4pu3rJeDRT9R01ZYfxbdXYMdoODgTchivQAqn-AZMtRak,https://serpapi.com/search.json?data_id=0xa35fa82c5e5935%3A0xb0cd1c527bba667c&engine=google_maps_reviews&hl=pt,https://serpapi.com/search.json?data_id=0xa35fa82c5e5935%3A0xb0cd1c527bba667c&engine=google_maps_photos&hl=pt,https://serpapi.com/search.json?engine=google_maps&google_domain=google.com&hl=pt&place_id=ChIJNVleLKhfowARfGa6e1IczbA,"Pedro Teixeira, MG",docerias,2025-07-29T00:44:39.098078,COMPLETA
3,Fábrica de Doces Padre Eustáquio - (Belo Horizonte),ChIJv2igfyGXpgARYg77VZ-27cI,0xa697217fa068bf:0xc2edb69f55fb0e62,14046083608297016930,/g/1tdwwy1v,4.5,408,Doceria,Doceria,candy_store,"R. Padre Eustáquio, 2607 - Padre Eustáquio, Belo Horizonte - MG, 30720-100",-19.9150429,-43.9772045,(31) 3464-5769,https://www.instagram.com/docespadreeustaquio?igsh=aGVqZjF5OHNoNjV0,Fechado ⋅ Abre às 08:00,Fechado ⋅ Abre às 08:00,terça-feira: 08:00–17:00; quarta-feira: 08:00–17:00; quinta-feira: 08:00–17:00; sexta-feira: 08:00–17:00; sábado: 08:00–13:00; domingo: Fechado; segunda-feira: 08:00–17:00,,,Assento com acessibilidade para pessoas em cadeira de rodas,"Cartão de débito, Cheques, Pagamentos por dispositivo móvel via NFC","Entrega, Retirada na loja, Compras na loja",,,https://lh3.googleusercontent.com/gps-cs-s/AC9h4npdIvZwXXwEWavNmluOw4E3Ml0Tjt9tSnJRKUS7lPgid1q19_tmwC8V9FgmBpqilRh4FBxKO05nmS26zAbTsy-emZkA4CGy41ZHd8ubLwcu_zsIg-NHwV3ObeezU-vOjFBsZYSm8zDCEgXS=w80-h106-k-no,https://serpapi.com/images/url/RppgnHicBcFLcoIwAADQE0WgpBY60wUgVGsrHSKIbJgCmUTIB5tAlDv2AL2N7_3_Ua1H9WpZjLorIiVheFL4t5VCY6FXreQWGRVoFVBWEPkUirHbzZUpSxOffuYDZ1NqYOx-MfvYa18j8ZHtc_TCvsmlc66OX2tuIq_wE8LD8XphGYVJeNun9rPg6Gm9BM1R3QHm1RDA6P0OnWrbeVPzadqpXtSOgMPWFG7aYLzkYE77JFTVGXFv2UQxKdGb8WxAHXsNBiDkA2wdSAU,https://serpapi.com/search.json?data_id=0xa697217fa068bf%3A0xc2edb69f55fb0e62&engine=google_maps_reviews&hl=pt,https://serpapi.com/search.json?data_id=0xa697217fa068bf%3A0xc2edb69f55fb0e62&engine=google_maps_photos&hl=pt,https://serpapi.com/search.json?engine=google_maps&google_domain=google.com&hl=pt&place_id=ChIJv2igfyGXpgARYg77VZ-27cI,"Pedro Teixeira, MG",docerias,2025-07-29T00:44:39.098078,COMPLETA
4,Doces Teixeira,ChIJNwZdlN6OpgARxiW0KqwXcZY,0xa68ede945d0637:0x967117ac2ab425c6,10840471806275757510,/g/11bxjsdmkg,4.9,10,Loja,"Loja, Service establishment",store,,-19.902716299999998,-43.964050199999996,(31) 3459-5210,http://www.docesteixeira.com.br/,Fechado ⋅ Abre às 08:30,Fechado ⋅ Abre às 08:30,terça-feira: 08:30–17:00; quarta-feira: 08:30–17:00; quinta-feira: 08:30–17:00; sexta-feira: 08:30–17:00; sábado: Fechado; domingo: Fechado; segunda-feira: 08:30–17:00,,,,Cartão de crédito,,,,https://lh3.googleusercontent.com/gps-cs-s/AC9h4nq0PcLVYiG0XL7Nn1dJGN1vH1yM9XVHUbxaWDJ8CnKbuzI-sWwF9jj2KfPUBO7vXrubqHZPTRztv5XhM6M8cDZRj9ua4xIk53DW3hjuWrd9OKiCQaIw310cP9fWHRnduBJmSDM8IQ=w92-h92-k-no,https://serpapi.com/images/url/axn0XHicDcNZEoIgAADQE5GaLdJMH6VTLrm2YP0pmmQFKaDVAbtDt6k3874fIsSDzxTlRvRBxVh1KyUvW8yoKKkYYHZXqgcHmAOuLExIRrRRI7w5HC9rNd1MA6oV7jrQOlt7-TA92Pv8mSHLNUzq5fLtAI76FazroXeO9stw2qWtzBv7FO2St-jGKfEnvoGtU1JDmY2eznWsW0gntURtAUPvYsaZ0-uaiiN4RnZCC7l071vLN5x43sMhIP9XQNkPr21Dzw,https://serpapi.com/search.json?data_id=0xa68ede945d0637%3A0x967117ac2ab425c6&engine=google_maps_reviews&hl=pt,https://serpapi.com/search.json?data_id=0xa68ede945d0637%3A0x967117ac2ab425c6&engine=google_maps_photos&hl=pt,https://serpapi.com/search.json?engine=google_maps&google_domain=google.com&hl=pt&place_id=ChIJNwZdlN6OpgARxiW0KqwXcZY,"Pedro Teixeira, MG",docerias,2025-07-29T00:44:39.098078,COMPLETA
5,Padaria Sabor Real,ChIJocvv9YCtmAARIw8fslTbIL4,0x98ad80f5efcba1:0xbe20db54b21f0f23,13700191223273164579,/g/11q3tyzybz,,0,Padaria,Padaria,bakery,"R. Joaquim Esteves de Oliveira, 74 - casa, Pedro Teixeira - MG, 36148-000",-21.7061909,-43.7501269,,,Permanently closed,Permanently closed,,,,,,,,,https://streetviewpixels-pa.googleapis.com/v1/thumbnail?panoid=jfHvk3Yp35a6yCM2RIloEw&cb_client=search.gws-prod.gps&w=80&h=92&yaw=203.72144&pitch=0&thumbfov=100,https://serpapi.com/images/url/VTYnYXicHc09DsIgGADQ27AJlNbf5IuDMdHBxc3JUIqA0vKlINjbeC1vo_EC733eNiWMG8ZiGrVO2emC7qV9nKGkJgTjtUQXqQo9yxVL9tm3g3R-i3IIroP77ZAf9QXruVxMu5M4H33YF6Laq_JODwmilqOy1JSfOIaOGoykwIoTC2tBJllA8JouRdU0BF1SFjj5L7eQoeL8C27TOWA,https://serpapi.com/search.json?data_id=0x98ad80f5efcba1%3A0xbe20db54b21f0f23&engine=google_maps_reviews&hl=pt,https://serpapi.com/search.json?data_id=0x98ad80f5efcba1%3A0xbe20db54b21f0f23&engine=google_maps_photos&hl=pt,https://serpapi.com/search.json?engine=google_maps&google_domain=google.com&hl=pt&place_id=ChIJocvv9YCtmAARIw8fslTbIL4,"Pedro Teixeira, MG",docerias,2025-07-29T00:44:39.098078,COMPLETA
1,Agência de Viagens Pedro Tur Turismo,ChIJ8Sc9g9fBpgAR2bN1yKBH3Xg,0xa6c1d7833d27f1:0x78dd47a0c875b3d9,8709196010287903705,/g/11qmrk3j0c,4.9,100,Agência de turismo,Agência de turismo,tour_agency,"Av. Manducaia, 616 - Dom Bosco, Betim - MG, 32670-550, Brasil",-19.9564435,-44.1564281,+55 31 99786-6287,,Fechado ⋅ Abre às 08:00,Fechado ⋅ Abre às 08:00,terça-feira: 08:00–18:00; quarta-feira: 08:00–18:00; quinta-feira: 08:00–18:00; sexta-feira: 08:00–18:00; sábado: 08:00–18:00; domingo: Fechado; segunda-feira: 08:00–18:00,,,,"Cartão de crédito, Cartão de débito",,,"""Super indico , neste excursão me sentir em família.""",https://lh3.googleusercontent.com/p/AF1QipMJvTEa21kU5rHxHezR6pkgcSmnugbA3deIGUPG=w189-h92-k-no,https://serpapi.com/images/url/b_ZvEHicuxmXUVJSUGylr5-TYayXnp-fnpNaWpxalJyfV5KaV6KXnJ-rX6Dv6GYYmFng61UW4ppoZJgdalrkUeGRWhVkVpCdnhycm1eanuRonJLq6R4a4G5bbmhhqZthaaSbrZuXDwCxOyGO,https://serpapi.com/search.json?data_id=0xa6c1d7833d27f1%3A0x78dd47a0c875b3d9&engine=google_maps_reviews&hl=pt,https://serpapi.com/search.json?data_id=0xa6c1d7833d27f1%3A0x78dd47a0c875b3d9&engine=google_maps_photos&hl=pt,https://serpapi.com/search.json?engine=google_maps&google_domain=google.com&hl=pt&place_id=ChIJ8Sc9g9fBpgAR2bN1yKBH3Xg,"Pedro Teixeira, MG",agencias_turismo,2025-07-29T00:44:42.147352,COMPLETA
2,Teixeira Agência de Viagens e Turismo,ChIJRWbBV3qapgARglwbfr2ToDM,0xa69a7a57c16645:0x33a093bd7e1b5c82,3720135734281854082,/g/1tltnlw_,2.7,61,Agência de viagens,Agência de viagens,travel_agency,"R. Padre Agostinho, 415 - Santa Cruz, Belo Horizonte - MG, 31150-600, Brasil",-19.8810549,-43.9366653,+55 31 3275-1395,,,,,,,Entrada com acessibilidade para pessoas em cadeira de rodas,"Cartão de crédito, Cartão de débito",,,"""Poderiam melhorar em questão de conforto atendimento""",https://lh3.googleusercontent.com/gps-cs-s/AC9h4nrQ1zbBQ2mx1VqOh6lIDIWy5btf8uExHjdAx48SAzmz-_fS3bCt0GXvWGxhazWZ2A2mgKlzZS_nR6BzfY9UV7rfiBTlPwIum4_b21OVJPxGy-4lrRkGYA1rzUY0LvN0wFLHEgs=w171-h92-k-no,https://serpapi.com/images/url/l7yanHicBcFLcoIwAADQE0VIpCqd6SJYRVrHHxXEDSMIiTUfTYLEnK-X6G187_-PGnPT757H6HBApCSs6XSjailMI8ygltwjNw1qDbSHpyENhNpCV0VbxC3M7ms6Yslnkj_fKtNOupld_J6xDSYpdtyBsk2H1dT48eGRx5aeXH5EGHHyzdwxLcVuFLm2CPfZWLWX6Idt-qTjQVkhuM6-NjZ-goCp3TUuMFRuX_jLx8rv58vFjOiPHo4hoCECVyDkC6kNRG0,https://serpapi.com/search.json?data_id=0xa69a7a57c16645%3A0x33a093bd7e1b5c82&engine=google_maps_reviews&hl=pt,https://serpapi.com/search.json?data_id=0xa69a7a57c16645%3A0x33a093bd7e1b5c82&engine=google_maps_photos&hl=pt,https://serpapi.com/search.json?engine=google_maps&google_domain=google.com&hl=pt&place_id=ChIJRWbBV3qapgARglwbfr2ToDM,"Pedro Teixeira, MG",agencias_turismo,2025-07-29T00:44:42.147352,COMPLETA
3,Prefeitura Municipal de Pedro Teixeira,ChIJAQAAAECymAARe1YYwaXOpAQ,0x98b24000000001:0x4a4cea5c118567b,334619483636782715,/g/11b6hq196l,4.4,20,Prefeitura,Prefeitura,city_hall,"R. Prof. Joao Lins, 447, Pedro Teixeira - MG, 36148-000, Brasil",-21.7045376,-43.7429707,+55 32 3282-1109,https://www.pedroteixeira.mg.gov.br/,Fechado ⋅ Abre às 08:00,Fechado ⋅ Abre às 08:00,terça-feira: 08:00–17:00; quarta-feira: 08:00–17:00; quinta-feira: 08:30–17:00; sexta-feira: 08:00–17:00; sábado: Fechado; domingo: Fechado; segunda-feira: 08:00–17:00,,,"Entrada com acessibilidade para pessoas em cadeira de rodas, Estacionamento com acessibilidade para pessoas em cadeira de rodas",,,,,https://lh3.googleusercontent.com/p/AF1QipPYN_ici0lYuVrwmGPnEHH3zlSxn5CcC16JQJr6=w158-h92-k-no,https://serpapi.com/images/url/5ULrDHicuxmXUVJSUGylr5-TYayXnp-fnpNaWpxalJyfV5KaV6KXnJ-rX6Dv6GYYmFkQEOkXn5mcaZATWRpWVJ7rHpDn6uFhXJUTXJFn6pzsbGjmFehVZGZbbmhqoZthaaSbrZuXDwC3RyFf,https://serpapi.com/search.json?data_id=0x98b24000000001%3A0x4a4cea5c118567b&engine=google_maps_reviews&hl=pt,https://serpapi.com/search.json?data_id=0x98b24000000001%3A0x4a4cea5c118567b&engine=google_maps_photos&hl=pt,https://serpapi.com/search.json?engine=google_maps&google_domain=google.com&hl=pt&place_id=ChIJAQAAAECymAARe1YYwaXOpAQ,"Pedro Teixeira, MG",agencias_turismo,2025-07-29T00:44:42.147352,COMPLETA
1,Empório Fatali,ChIJExGiLtitmAARqJWoOcakDQU,0x98add82ea21113:0x50da4c639a895a8,364128316164707752,/g/11s19kb_tn,5,2,Pizzaria,Pizzaria,pizza_restaurant,"Rua coronel João Jacinto - Centro, Pedro Teixeira - MG, 36148-000, Brasil",-21.732072,-43.733408999999995,+55 32 99811-2590,,Fechado ⋅ Abre às 18:00,Fechado ⋅ Abre às 18:00,terça-feira: 18:00–23:00; quarta-feira: 18:00–23:00; quinta-feira: 18:00–22:00; sexta-feira: 18:00–23:00; sábado: 18:00–23:00; domingo: 18:00–23:00; segunda-feira: 18:00–23:00,,,,"Cartão de crédito, Cartão de débito, Pagamentos por dispositivo móvel via NFC","Para viagem, Refeição no local",,,https://lh3.googleusercontent.com/p/AF1QipPmvMxc4LirJjexpoYimgVD6ICgKU5q1Ckg_Wk7=w164-h92-k-no,https://serpapi.com/images/url/sQvKjnicuxmXUVJSUGylr5-TYayXnp-fnpNaWpxalJyfV5KaV6KXnJ-rX6Dv6GYYmFkQkFvmW5Fs4pNZ5JWVWlGQH5mZmx7mYubpnO4dalpo6JydHh-ebW5bbmhmopthaaSbrZuXDwDHViHg,https://serpapi.com/search.json?data_id=0x98add82ea21113%3A0x50da4c639a895a8&engine=google_maps_reviews&hl=pt,https://serpapi.com/search.json?data_id=0x98add82ea21113%3A0x50da4c639a895a8&engine=google_maps_photos&hl=pt,https://serpapi.com/search.json?engine=google_maps&google_domain=google.com&hl=pt&place_id=ChIJExGiLtitmAARqJWoOcakDQU,"Pedro Teixeira, MG",cafeterias,2025-07-29T00:44:48.276308,COMPLETA
2,Lanchonete Dú Roxo,ChIJG82mGoWtmAAR76LxYvGhYPY,0x98ad851aa6cd1b:0xf660a1f162f1a2ef,17753367789213688559,/g/11mdqlm7l4,,0,Lanchonete,Lanchonete,snack_bar,"R. Prof. Joao Lins - Centro, Pedro Teixeira - MG, 36148-000, Brasil",-21.7059549,-43.7419175,+55 32 98421-0860,,Fechado ⋅ Abre às 08:00,Fechado ⋅ Abre às 08:00,terça-feira: 08:00–22:00; quarta-feira: 08:00–22:00; quinta-feira: 08:00–22:00; sexta-feira: 08:00–22:00; sábado: 08:00–22:00; domingo: Fechado; segunda-feira: 08:00–22:00,,,,,"Para viagem, Refeição no local",,,https://streetviewpixels-pa.googleapis.com/v1/thumbnail?panoid=EIyoR_hUNuvHToOzf7Txsg&cb_client=search.gws-prod.gps&w=80&h=92&yaw=247.39899&pitch=0&thumbfov=100,https://serpapi.com/images/url/SORUPHicHc1RDoIgGADg2_AWoLUpbayntnqprdmzQ0RgQ38mCNppula3qXWB7_u8TYw-HAkJcVYqJquyt6tyYecF1gDaKeFtwBJGkgoSzTJ2k7Du5MUEtufn6waP1jxvS7o0cH8NVbMGjWTXSmfVFHlQYpYG6_wTZ-ix9gFlXlNkOCvRJjIvDxXes5ox5G2UhlP0XwZIvKD0C7ZgOk8,https://serpapi.com/search.json?data_id=0x98ad851aa6cd1b%3A0xf660a1f162f1a2ef&engine=google_maps_reviews&hl=pt,https://serpapi.com/search.json?data_id=0x98ad851aa6cd1b%3A0xf660a1f162f1a2ef&engine=google_maps_photos&hl=pt,https://serpapi.com/search.json?engine=google_maps&google_domain=google.com&hl=pt&place_id=ChIJG82mGoWtmAAR76LxYvGhYPY,"Pedro Teixeira, MG",cafeterias,2025-07-29T00:44:48.276308,COMPLETA
3,Lanchonete Tudo Gostoso,ChIJp51tioatmAARmpAnr5dd5oU,0x98ad868a6d9da7:0x85e65d97af27909a,9648502157747916954,/g/11rr0_k4sn,,0,Restaurante,Restaurante,restaurant,"MG-135, Pedro Teixeira - MG, 36148-000, Brasil",-21.7053658,-43.7454648,,,Permanently closed,Permanently closed,,,,,,Refeição no local,,,https://streetviewpixels-pa.googleapis.com/v1/thumbnail?panoid=GN1XMy7TNltJpIkJBjwpzQ&cb_client=search.gws-prod.gps&w=80&h=92&yaw=319.58102&pitch=0&thumbfov=100,https://serpapi.com/images/url/BxKRc3icHc1LCsIwFADA22RnPorYCkFwIxYsCC7cSZrGJJo2j-bZWE_jtbyN4gVmPm-HCGnNWMLBGBy9yeCfJqQZKGpjtMEo8Inq2LFRMHSPrumVDxtQffSt3NXifJhWpzpgBft7tb1leB2Jbi46eNOjTEYN2lGbf-IQW2ohkSwLTpws52RSWS5ESZeF4HMCHrWTnPyXaxyl4PwLhY05uA,https://serpapi.com/search.json?data_id=0x98ad868a6d9da7%3A0x85e65d97af27909a&engine=google_maps_reviews&hl=pt,https://serpapi.com/search.json?data_id=0x98ad868a6d9da7%3A0x85e65d97af27909a&engine=google_maps_photos&hl=pt,https://serpapi.com/search.json?engine=google_maps&google_domain=google.com&hl=pt&place_id=ChIJp51tioatmAARmpAnr5dd5oU,"Pedro Teixeira, MG",cafeterias,2025-07-29T00:44:48.277309,COMPLETA
1,Hat Hamburgueria,ChIJQ98iFD5fowARt_tJ3IjxZA0,0xa35f3e1422df43:0xd64f188dc49fbb7,965161790277811127,/g/11spzc222n,5,1,Hamburgueria,Hamburgueria,hamburger_restaurant,"Airton Bhering Figueiredo, Patrimônio, Teixeiras - MG, 36580-000",-20.6577156,-42.8544803,(31) 99875-8608,https://hat-hamburgueria.goomer.app/,Fechado ⋅ Abre às 18:00,Fechado ⋅ Abre às 18:00,terça-feira: 18:00–22:30; quarta-feira: 18:00–22:30; quinta-feira: Fechado; sexta-feira: 18:00–22:30; sábado: 18:00–22:30; domingo: 18:00–22:30; segunda-feira: 18:00–22:30,,,,"Cartão de crédito, Cartão de débito, Pagamentos por dispositivo móvel via NFC","Entrega, Para viagem, Refeição no local",,,https://lh3.googleusercontent.com/p/AF1QipOVWnTUXFL7RwDfhlJGIT_aJ4qU9WtdRUlDsFV1=w80-h106-k-no,https://serpapi.com/images/url/IIHNeHicuxmXUVJSUGylr5-TYayXnp-fnpNaWpxalJyfV5KaV6KXnJ-rX6Dv6GYYmFngHxaeFxIa4eZjHlTukpaR4-XuGRKf6GVSGGoZXpISFJrjUuwWZmhbbmGgm2FoYKabrZuXDwCnJSEi,https://serpapi.com/search.json?data_id=0xa35f3e1422df43%3A0xd64f188dc49fbb7&engine=google_maps_reviews&hl=pt,https://serpapi.com/search.json?data_id=0xa35f3e1422df43%3A0xd64f188dc49fbb7&engine=google_maps_photos&hl=pt,https://serpapi.com/search.json?engine=google_maps&google_domain=google.com&hl=pt&place_id=ChIJQ98iFD5fowARt_tJ3IjxZA0,"Pedro Teixeira, MG",hamburguerias,2025-07-29T00:44:51.344932,COMPLETA
2,Garagem Rotta in Roll,ChIJ8SkUY8C9pgARgGWxTvQauN4,0xa6bdc0631429f1:0xdeb81af44eb16580,16048606908729353600,/g/11rz2ztj89,4.8,301,Restaurante,"Restaurante, Salão de festas, Bar, Local de apresentações de rock",restaurant,"R. Divisa Santa, 220 - Milionários, Belo Horizonte - MG, 30620-020",-19.9776287,-44.003444099999996,(31) 99296-3909,,Fechado ⋅ Abre às 18:00,Fechado ⋅ Abre às 18:00,terça-feira: 18:00–00:00; quarta-feira: Fechado; quinta-feira: 18:00–00:00; sexta-feira: 18:00–02:00; sábado: 18:00–02:00; domingo: 13:00–19:00; segunda-feira: Fechado,$$,,"Assento com acessibilidade para pessoas em cadeira de rodas, Entrada com acessibilidade para pessoas em cadeira de rodas","Cartão de crédito, Cartão de débito, Pagamentos por dispositivo móvel via NFC","Mesas externas, Para viagem, Refeição no local",,"""Possui opções de chopp, petiscos e hambúrgueres.""",https://lh3.googleusercontent.com/gps-cs-s/AC9h4nrCC8Zty7ndvnH5CzythUEhIYawHNIvjxeJkxQdUPiCFgjrHu_FHFmEzzERDQXoMiuOnNpaAdab7M8VfcEJhBFU0gVoqNpltmIvzuggzFvlNP8RJ5fJkvJ_dd0_q8lMliY7FZwI=w92-h92-k-no,https://serpapi.com/images/url/d-eb5HicDcNRCoIwAADQE5lSiRb0UcuhA80Co_oRc7aZc1M3Z-18XaLb1IP3_VClOrm2bUYXMyIEYdUoq6EUXFVczUrR2qSTViktaW_Bii75AIB_U2-PY81DF5i3ollAo2sxhUmkn68KNa8jztIaQPIcwjGHIWwDY4LT_ngRcT0eeNIVW1zcvdg_P8oA0R3MHHIWfdIx1UbajIQYqFmS-ifkPlCjUY6xk_c-i1l99eBtijbTam7R_8bi4gdlR0bY,https://serpapi.com/search.json?data_id=0xa6bdc0631429f1%3A0xdeb81af44eb16580&engine=google_maps_reviews&hl=pt,https://serpapi.com/search.json?data_id=0xa6bdc0631429f1%3A0xdeb81af44eb16580&engine=google_maps_photos&hl=pt,https://serpapi.com/search.json?engine=google_maps&google_domain=google.com&hl=pt&place_id=ChIJ8SkUY8C9pgARgGWxTvQauN4,"Pedro Teixeira, MG",hamburguerias,2025-07-29T00:44:51.345931,COMPLETA
4,Hamburgueria Sal da Terra,ChIJ39VrH1qWpgARqvMxXLeRb2w,0xa6965a1f6bd5df:0x6c6f91b75c31f3aa,7813624095222920106,/g/11hbl1y3fs,4.7,207,Hamburgueria,Hamburgueria,hamburger_restaurant,"R. Gilberto Porto, 816 - Nova Gameleira, Belo Horizonte - MG, 30510-120",-19.9365053,-43.992437599999995,(31) 3564-5919,https://saldaterrahamburgueria.saipos.com/home,Fechado ⋅ Abre às 18:00,Fechado ⋅ Abre às 18:00,terça-feira: 18:00–00:00; quarta-feira: 18:00–00:00; quinta-feira: 18:00–00:00; sexta-feira: 18:00–00:00; sábado: 18:00–00:00; domingo: 18:00–00:00; segunda-feira: Fechado,R$ 20–40,,"Assento com acessibilidade para pessoas em cadeira de rodas, Entrada com acessibilidade para pessoas em cadeira de rodas","Cartão de crédito, Cartão de débito, Pagamentos por dispositivo móvel via NFC","Mesas externas, Entrega sem contato, Entrega, Para viagem, Refeição no local",,"""Hambúrguer 🍔  top
Atendimento  top
Ambiente       top""",https://lh3.googleusercontent.com/gps-cs-s/AC9h4nrtqNM1lBPP6jaC2GAlMpcjbavt6VkGjYfoSqA30IU3W44PVFbgLYXP2lTEeIxwdEWSC0KQCTMPEIDjymAjBXAx50G7vrsjDYGNZAhqB0jIV3N27L1qaN3v9iAMkLEyKySpQF3YdQ=w122-h92-k-no,https://serpapi.com/images/url/zQI5RXicBcFtDoIgAADQE5EKVrOtH2jmXOpwlmb__EpCEhWyPGFn6Da99_tSpQa50zRO0aoVouXNSzZTJXrV9GpViafWDhJUEkgNOxY1-0mNUWhwm5ANKxzoYR4OFSuLWW3SzmP5XSQjRrp_QZlpkvRYtkF-JZCf3cb_vGs3Sxz9FDvnkLj-gS1PzOwr_qx1bztPkh1yL7phOto681MUwW1gjEWEZuuBwy5wl9OSDPER5XW8fxsQAmpB0IFe_AH4FEOr,https://serpapi.com/search.json?data_id=0xa6965a1f6bd5df%3A0x6c6f91b75c31f3aa&engine=google_maps_reviews&hl=pt,https://serpapi.com/search.json?data_id=0xa6965a1f6bd5df%3A0x6c6f91b75c31f3aa&engine=google_maps_photos&hl=pt,https://serpapi.com/search.json?engine=google_maps&google_domain=google.com&hl=pt&place_id=ChIJ39VrH1qWpgARqvMxXLeRb2w,"Pedro Teixeira, MG",hamburguerias,2025-07-29T00:44:51.345931,COMPLETA
5,La Avenida burguer(Lanche do João),ChIJicVRrs1fowARVoVItpskfYA,0xa35fcdae51c589:0x807d249bb6488556,9258596660140344662,/g/11gj78bb63,5,48,Lanchonete,Lanchonete,snack_bar,"Av. Marechal Castelo Branco, 2-45, Teixeiras - MG, 36580-000",-20.6472607,-42.862594,(31) 99971-0866,https://pedir.delivery/laavenidaburguer,Fechado ⋅ Abre às 18:30,Fechado ⋅ Abre às 18:30,terça-feira: 18:30–23:00; quarta-feira: 18:00–23:00; quinta-feira: 18:30–23:00; sexta-feira: 18:30–23:00; sábado: 18:30–00:00; domingo: 18:30–23:00; segunda-feira: Fechado,R$ 20–60,,,"Cartão de crédito, Cartão de débito, Pagamentos por dispositivo móvel via NFC","Mesas externas, Entrega sem contato, Entrega, Para viagem, Refeição no local",,"""Tem outra hamburgueria com o mesmo nome em outro cidade.""",https://lh3.googleusercontent.com/p/AF1QipOVV4pnboDwaPCzpOorWrXmdj0-EPxzPT26BvRb=w80-h106-k-no,https://serpapi.com/images/url/tJWZJ3icuxmXUVJSUGylr5-TYayXnp-fnpNaWpxalJyfV5KaV6KXnJ-rX6Dv6GYYmFngHxZmUpCXlO9SnhjgXFXgn18UXhSRm5JloOsaUFEVEGJk5lQWlGRbbmGgm2FoYKabrZuXDwDC0SHV,https://serpapi.com/search.json?data_id=0xa35fcdae51c589%3A0x807d249bb6488556&engine=google_maps_reviews&hl=pt,https://serpapi.com/search.json?data_id=0xa35fcdae51c589%3A0x807d249bb6488556&engine=google_maps_photos&hl=pt,https://serpapi.com/search.json?engine=google_maps&google_domain=google.com&hl=pt&place_id=ChIJicVRrs1fowARVoVItpskfYA,"Pedro Teixeira, MG",hamburguerias,2025-07-29T00:44:51.345931,COMPLETA
1,Mirante,ChIJnbSegHOzmAARvrWz7x7obWg,0x98b373809eb49d:0x686de81eefb3b5be,7524925771974161854,/g/11lgj_cmwd,5,2,Bar,Bar,bar,"Pedro Teixeira - MG, 36148-000, Brasil",-21.7043793,-43.7748819,,,,,,,,,,,,,https://lh3.googleusercontent.com/gps-cs-s/AC9h4nrXQu95HppzhEthKIFuFEZY0AraZV8ECJxVuq2HbjX0nEbmwy7GSxngLlDJrJLx4XePQkvIgkkWcJqKBF8oUA1ikp6sftxCfqB_9XieTpeEwDDq_TTWWpSIdEl_mcCp4PaFEuAApg=w122-h92-k-no,https://serpapi.com/images/url/0mSn83icBcFBcoIwFADQE0UU0YozLiKECrrQEQXdMBpjYgPJhySF9oKeobfpe39vYS2YpefVYjriWvOaOcM6qpVlyo6objwOBlGDjIejUASqKw8unG0AfgWxYpsmLiHXyxh3t-t5QaJsOLvW39y_yrEi96b_-fg8Dorv6jjrst0QlGx_kN8pl7KgWbtdJwt9wpOXhLl52iF6tusqLF8sB0b6OG6rPC8KOKYPUlcNjSDY3xLiMAa-6ie-j0ToI4mU_gfLtkaq,https://serpapi.com/search.json?data_id=0x98b373809eb49d%3A0x686de81eefb3b5be&engine=google_maps_reviews&hl=pt,https://serpapi.com/search.json?data_id=0x98b373809eb49d%3A0x686de81eefb3b5be&engine=google_maps_photos&hl=pt,https://serpapi.com/search.json?engine=google_maps&google_domain=google.com&hl=pt&place_id=ChIJnbSegHOzmAARvrWz7x7obWg,"Pedro Teixeira, MG",pubs,2025-07-29T00:44:54.422602,COMPLETA
2,Bar do Ronaldo,ChIJcdKBilatmAARJ7heTJmuItU,0x98ad568a81d271:0xd522ae994c5eb827,15358029652721317927,/g/11shf3kmcr,4,1,Bar,Bar,bar,"86PJ+3H, Pedro Teixeira - MG, 36148-000, Brasil",-21.6647823,-43.7685683,,,Fechado ⋅ Abre às 17:30,Fechado ⋅ Abre às 17:30,terça-feira: 17:30–21:00; quarta-feira: 17:30–21:00; quinta-feira: 17:30–21:00; sexta-feira: 17:30–21:00; sábado: 17:30–21:00; domingo: 17:30–20:00; segunda-feira: 17:30–21:00,,,,,Refeição no local,,,https://lh3.googleusercontent.com/gps-cs-s/AC9h4nrWId6m57GHyA76T-aPlOqqLQmmtDufx6GGKEbIPDiAceVkeAIl1GJ8knEb4UbUBqe10KeEwV6F4-QNLCpwD9HGkFWlz3-ctN6bq8tIcmUstKcDIWrTM03kbmYk0SR6nKXcm9an=w189-h92-k-no,https://serpapi.com/images/url/RKl1PHicBcFZUoMwAADQE4VFMJDO-EELhEjtTtHPJqbQyQYkHdT79RDepu_9P3rnBrvwfdlHXmdMJ_nd8okZ7bh2HjPK7wYLmAXWz1aoj_XUkm-oXhNc_WYJPIHLTm7Hcb1XyuX36w_EuC4o2eW3jPGz4BmRIX5PhS5o3NBmOfIwqHkxn2EZg_1mvRrmHFVYlK38iwBzG0jH1BGmGutqlpN2On0EkaDqSwTHA9T1J1Poot_mMEWgRy9AAG2eVn5DZA,https://serpapi.com/search.json?data_id=0x98ad568a81d271%3A0xd522ae994c5eb827&engine=google_maps_reviews&hl=pt,https://serpapi.com/search.json?data_id=0x98ad568a81d271%3A0xd522ae994c5eb827&engine=google_maps_photos&hl=pt,https://serpapi.com/search.json?engine=google_maps&google_domain=google.com&hl=pt&place_id=ChIJcdKBilatmAARJ7heTJmuItU,"Pedro Teixeira, MG",pubs,2025-07-29T00:44:54.422602,COMPLETA
3,Deposito Bebidas Pedro Teixeira,ChIJ_RU53oatmAARXX1fiyBc4us,0x98ad86de3915fd:0xebe25c208b5f7d5d,16997249238496673117,/g/11bzwqp3rt,4.4,12,Bar,Bar,bar,"MG-135, Pedro Teixeira - MG, 36148-000, Brasil",-21.7062056,-43.7466393,,,Temporarily closed,Temporarily closed,,,,,,Refeição no local,,,https://lh3.googleusercontent.com/gps-cs-s/AC9h4nqMeK2QwjmxaPGHHlLt8_SzpqxKFXqEgbzjhkR9JFZ9Md_ry1t9jQlvE1XL03lOi4bsPBsi7fEObl1nfC6JQY_2hSfwYY1EzwoN5NDS-7jS8c8D8k-If5bhTTDIaWGeuxt0N_tD=w80-h142-k-no,https://serpapi.com/images/url/Iw1YQHicBcHtFkIwAADQJ1pM1HROPyqUPpR0TvTHQWNYG21F3q-H6G269_clUjZipiiUjEcF5wXFL4GfGWcSMznK-EMpGgEyAYSyWJlEZ-0B7zS_qx59clpvNnQvURwMTdvvnLC1i3SoSH02t87NPNzj5wdKs_Lp24bhXh3TY6mn4rQU5TS3jymFLF9Ntn4UayTIuyiC9tBxz_CsAEyrAGXIQjVwcyMll4vlJtc1fvVS9WJpzTukAgJ1DdSA8T8RAkSR,https://serpapi.com/search.json?data_id=0x98ad86de3915fd%3A0xebe25c208b5f7d5d&engine=google_maps_reviews&hl=pt,https://serpapi.com/search.json?data_id=0x98ad86de3915fd%3A0xebe25c208b5f7d5d&engine=google_maps_photos&hl=pt,https://serpapi.com/search.json?engine=google_maps&google_domain=google.com&hl=pt&place_id=ChIJ_RU53oatmAARXX1fiyBc4us,"Pedro Teixeira, MG",pubs,2025-07-29T00:44:54.422602,COMPLETA
4,BAR PARADINHA,ChIJmZlKC4atmAART99yQHRXWZ0,0x98ad860b4a9999:0x9d5957744072df4f,11338189693691027279,/g/11rqsmlfcc,5,1,Bar,Bar,bar,"MG-135, Pedro Teixeira - MG, 36148-000, Brasil",-21.7050348,-43.744203999999996,,,Temporarily closed,Temporarily closed,,,,,,Refeição no local,,,https://streetviewpixels-pa.googleapis.com/v1/thumbnail?panoid=40fY2bR5rP8mmkhAUHHYPQ&cb_client=search.gws-prod.gps&w=80&h=92&yaw=330.73358&pitch=0&thumbfov=100,https://serpapi.com/images/url/faQRgXicHc3BDcIgFADQbbgJtNhYTX6Mtx6riYeeDKUUiFAIYNFtXMttNC7w3uetcw7pQEjKUcq8GlmCeUqbNoFj5b2ykgeTsPCOrBXJ-uHGhRt7DHzxZoItnYd6vDSxb52769O164b-jMR4E9bIJUOSPAqNVfmJ0U9YhYQKtBRp2NfoxQswRvGOsaZFwWShgaL_MvsVKkq_Ta05DQ,https://serpapi.com/search.json?data_id=0x98ad860b4a9999%3A0x9d5957744072df4f&engine=google_maps_reviews&hl=pt,https://serpapi.com/search.json?data_id=0x98ad860b4a9999%3A0x9d5957744072df4f&engine=google_maps_photos&hl=pt,https://serpapi.com/search.json?engine=google_maps&google_domain=google.com&hl=pt&place_id=ChIJmZlKC4atmAART99yQHRXWZ0,"Pedro Teixeira, MG",pubs,2025-07-29T00:44:54.422602,COMPLETA
5,BAR 2 IRMÃOS,ChIJzb17wYitmAARZP9SqqYwmWY,0x98ad88c17bbdcd:0x669930a6aa52ff64,7392993755685650276,/g/11s9d_bnx3,,0,Bar,Bar,bar,"MG-135, Pedro Teixeira - MG, 36148-000, Brasil",-21.7067381,-43.741508599999996,,,Temporarily closed,Temporarily closed,,,,,,Refeição no local,,,https://streetviewpixels-pa.googleapis.com/v1/thumbnail?panoid=yvsV98jnWUKsCjTALOS4oA&cb_client=search.gws-prod.gps&w=80&h=92&yaw=238.06186&pitch=0&thumbfov=100,https://serpapi.com/images/url/Yw6tsHicHc3NDcIgGADQbbgJVE1DTYhpPGriwb-joRSBhgLph2C3cS230bjAe5-3SSnChhBIk1IpW1WifSkHiyiwDkE7JaIFLMNIckWSeY6dF9Zto_DB9nzOcG3Y4G-XPeyGc3s4ntahRbK7S2eVTxyUmKTBuvzEKfRYR0CFM4oMb5ZoFoUvVwzTumI1ijZJwyn6L4-QeUXpF34lOYk,https://serpapi.com/search.json?data_id=0x98ad88c17bbdcd%3A0x669930a6aa52ff64&engine=google_maps_reviews&hl=pt,https://serpapi.com/search.json?data_id=0x98ad88c17bbdcd%3A0x669930a6aa52ff64&engine=google_maps_photos&hl=pt,https://serpapi.com/search.json?engine=google_maps&google_domain=google.com&hl=pt&place_id=ChIJzb17wYitmAARZP9SqqYwmWY,"Pedro Teixeira, MG",pubs,2025-07-29T00:44:54.422602,COMPLETA
1,Mestre Sorveteiro,ChIJTegwVBqWpgAR18Vv_NQQvzg,0xa6961a5430e84d:0x38bf10d4fc6fc5d7,4089005493629994455,/g/1tgpzffs,4.8,1325,Sorveteria,"Sorveteria, Doceria",ice_cream_shop,"Rua José Carlos Matamachado, 194 - Indústrias I (Barreiro), Belo Horizonte - MG, 30610-100, Brasil",-19.956959599999998,-44.0075335,+55 31 3331-1808,http://www.mestresorveteiro.com.br/,Fechado ⋅ Abre às 10:00,Fechado ⋅ Abre às 10:00,terça-feira: 10:00–21:30; quarta-feira: 10:00–21:30; quinta-feira: 10:00–21:30; sexta-feira: 10:00–21:30; sábado: 10:00–21:30; domingo: 10:00–21:30; segunda-feira: 12:00–21:30,$$,,,"Cartão de crédito, Cartão de débito, Pagamentos por dispositivo móvel via NFC","Entrega sem contato, Entrega, Compras na loja, Para viagem, Refeição no local",,"""Um excelente sorvete, várias opções de sorvete, coberturas e picolés.""",https://lh3.googleusercontent.com/gps-cs-s/AC9h4nqC2GDRdZmmuh3LxbXwd3VLSsX8D3RkZOp27dYgiAokXW6RGdT2ocl57ctjb0b62vqpIK4l1BCxwegnZ27OWzpqDpdaF7y7k74q7E1ku9awbRqdPYv7kmJoyQj4QKvCl-lVCWHw=w189-h92-k-no,https://serpapi.com/images/url/5CscbnicBcFLcoIwAADQE0UkoJHOdKHBX3XGio4gO0mYRBPyaQLR3q-H6G187_-Pe2_cRxRJnoyY1ky2vWt_iFa-VX5EdBcx4wBxwEVznPFUWQzXeUHrrut5sn82VaDJZX9y1SxPClEfDET0yu5zLapyWqzpGWoiJ4j4RzNupnCwZrtLZbzAz9AyVUN0KH-NzQ29rdALCZRatIxFn91CU1j6fR2Q6L706_hIj7sBSyAvuNyEzxDPMsAzCARQ-g3VX0Tj,https://serpapi.com/search.json?data_id=0xa6961a5430e84d%3A0x38bf10d4fc6fc5d7&engine=google_maps_reviews&hl=pt,https://serpapi.com/search.json?data_id=0xa6961a5430e84d%3A0x38bf10d4fc6fc5d7&engine=google_maps_photos&hl=pt,https://serpapi.com/search.json?engine=google_maps&google_domain=google.com&hl=pt&place_id=ChIJTegwVBqWpgAR18Vv_NQQvzg,"Pedro Teixeira, MG",sorveterias,2025-07-29T00:44:57.486219,COMPLETA
2,Uaiê,ChIJ7afFeQCZpgARQC5sUT9ijx0,0xa6990079c5a7ed:0x1d8f623f516c2e40,2130029172858039872,/g/11ldcf_ccm,4.9,202,Sorveteria,Sorveteria,ice_cream_shop,"R. Padre Odorico, 78 - São Pedro, Belo Horizonte - MG, 30330-040, Brasil",-19.9410187,-43.9365441,,https://www.instagram.com/uaiesorvetes/,Fechado ⋅ Abre às 13:00,Fechado ⋅ Abre às 13:00,terça-feira: 13:00–19:00; quarta-feira: 13:00–19:00; quinta-feira: 13:00–19:00; sexta-feira: 13:00–19:00; sábado: 13:00–19:00; domingo: 13:00–19:00; segunda-feira: Fechado,,,Entrada com acessibilidade para pessoas em cadeira de rodas,"Cartão de crédito, Cartão de débito, Pagamentos por dispositivo móvel via NFC",,,"""O sorvete estava gostoso, a loja é linda e uma ótima localização""",https://lh3.googleusercontent.com/p/AF1QipPoWsUpE4fnvQPkrVXrLIQ8W3p9tdXQfCQiAvLj=w80-h106-k-no,https://serpapi.com/images/url/Qs54qHicuxmXUVJSUGylr5-TYayXnp-fnpNaWpxalJyfV5KaV6KXnJ-rX6Dv6GYYmFkQkB9eHFrgapKWVxYYkF0UFlHk4xloEW5cYFmSEhGY5hyY6Vjmk2VbbmGgm2FoYKabrZuXDwC--iHH,https://serpapi.com/search.json?data_id=0xa6990079c5a7ed%3A0x1d8f623f516c2e40&engine=google_maps_reviews&hl=pt,https://serpapi.com/search.json?data_id=0xa6990079c5a7ed%3A0x1d8f623f516c2e40&engine=google_maps_photos&hl=pt,https://serpapi.com/search.json?engine=google_maps&google_domain=google.com&hl=pt&place_id=ChIJ7afFeQCZpgARQC5sUT9ijx0,"Pedro Teixeira, MG",sorveterias,2025-07-29T00:44:57.486219,COMPLETA
3,Sorveteria Carol Milionários,ChIJaY_W_5S9pgARo2SDg3rsbtI,0xa6bd94ffd68f69:0xd26eec7a838364a3,15163317006339630243,/g/1pty3xy5q,4.5,909,Sorveteria,Sorveteria,ice_cream_shop,"R. Ponta Grossa, 576 - Bonsucesso, Belo Horizonte - MG, 30620-600, Brasil",-19.9836608,-43.9985648,+55 31 3322-5177,,Fechado ⋅ Abre às 10:30,Fechado ⋅ Abre às 10:30,terça-feira: 10:30–22:00; quarta-feira: 10:30–22:00; quinta-feira: 10:30–22:00; sexta-feira: 10:30–22:00; sábado: 10:30–22:00; domingo: 10:30–22:00; segunda-feira: 10:30–22:00,$$,,Entrada com acessibilidade para pessoas em cadeira de rodas,"Cartão de crédito, Cartão de débito, Pagamentos por dispositivo móvel via NFC","Entrega, Retirada na loja, Para viagem",,"""Preço justo e vários sabores  simplesmente a melhor do milionários.""",https://lh3.googleusercontent.com/gps-cs-s/AC9h4npL1T9jJrG-WvhxD1RNkiof14y8iUNsnlFPgWmEapWHWTGcz-ZiVfojPp9_KMxEfopzi9W81x4IJpDDVrXjRxgjkDY9jni9uQwRj54souKaBc37WtWga_qr5zGiMdbfyMHoS7ao=w122-h92-k-no,https://serpapi.com/images/url/MiTeWHicBcFbcoIwFADQFQUmiKNxxg9bFKrFoVSN-uPQFPIAc1MSKrA_F9Hd9Jy_p3DO2IXvN2LicQDelJ0tWwbaldp5DO4-NxYxi6y_eiUi1OYdH4jatjGiv6KPcL6vJVQ4HObyuLe62WSc3teFoQk9xGxEV3mqQGWG3HZpv67AjJLQOe7Dt62JolN7VnnPVR1diNKSdB-PXE1DC92ueGGTGXWUF7efdjrGMv3-qoY0gc9ZAcsHDgIkSIBqpOEfMPFGLA,https://serpapi.com/search.json?data_id=0xa6bd94ffd68f69%3A0xd26eec7a838364a3&engine=google_maps_reviews&hl=pt,https://serpapi.com/search.json?data_id=0xa6bd94ffd68f69%3A0xd26eec7a838364a3&engine=google_maps_photos&hl=pt,https://serpapi.com/search.json?engine=google_maps&google_domain=google.com&hl=pt&place_id=ChIJaY_W_5S9pgARo2SDg3rsbtI,"Pedro Teixeira, MG",sorveterias,2025-07-29T00:44:57.486219,COMPLETA
4,Sorveteria Carol Palmeiras,ChIJyV7B1NKXpgAR1bkcMlWGBf4,0xa697d2d4c15ec9:0xfe058655321cb9d5,18304183960988334549,/g/1z44by5t1,4.5,243,Sorveteria,Sorveteria,ice_cream_shop,"R. Júlio de Castilho, 1234 - Palmeiras, Belo Horizonte - MG, 30570-080, Brasil",-19.965148199999998,-43.98176,+55 31 3381-1287,,Fechado ⋅ Abre às 10:00,Fechado ⋅ Abre às 10:00,terça-feira: 10:00–21:00; quarta-feira: 10:00–21:00; quinta-feira: 10:00–21:00; sexta-feira: 10:00–21:00; sábado: 10:00–21:00; domingo: 10:00–21:00; segunda-feira: 10:00–21:00,$,,,"Cartão de crédito, Cartão de débito, Pagamentos por dispositivo móvel via NFC","Entrega, Para viagem",,"""E uma enorme variedade de sabores e delícias...""",https://lh3.googleusercontent.com/gps-cs-s/AC9h4nodz--hLpH5rZArMZAXk4uCfGOghLWzrvL_zCU3BkLmzpcomeVD3PEt9el1ebJSad9Ue_POMo4pYofJMkqvGg6hbBsiz64Kq0zMyid_ffY96nGWTErt1SyMqmVn_S3is3uQtsQXSQ=w80-h173-k-no,https://serpapi.com/images/url/6XPntXicDctRDoIgAADQE5E5zLKtDzNnK1k5K6sfl4rgVEDAWlywM3Sbev_v-6FaC7W0rI7CCeGcdHhUWJacacz0pOS9RYQCpQLK8gOPOoxXBgAai-1M3n2J7v61dcagjg6ExpmRzzg3wRmu27g34t_xZQOPofZwZ-Nilz4q74zz4wFxR9x4vUPt8IyIS4u1aozr7IepQe-myuv65rksyk6h1Hb6RkN_YXkKGwXHRKvkmiar12IKqD2HoAWM_wDYl0b6,https://serpapi.com/search.json?data_id=0xa697d2d4c15ec9%3A0xfe058655321cb9d5&engine=google_maps_reviews&hl=pt,https://serpapi.com/search.json?data_id=0xa697d2d4c15ec9%3A0xfe058655321cb9d5&engine=google_maps_photos&hl=pt,https://serpapi.com/search.json?engine=google_maps&google_domain=google.com&hl=pt&place_id=ChIJyV7B1NKXpgAR1bkcMlWGBf4,"Pedro Teixeira, MG",sorveterias,2025-07-29T00:44:57.486219,COMPLETA
5,Açaiteria E Sorveteria Anna Lanches,ChIJW949wYCtmAAR5qs9imFCHh4,0x98ad80c13dde5b:0x1e1e42618a3dabe6,2170245057137716198,/g/11sqndvkjj,,0,Doceria,Doceria,dessert_shop,"MG-135, Pedro Teixeira - MG, 36148-000, Brasil",-21.7066747,-43.748745299999996,,,Permanently closed,Permanently closed,,,,,,,,,https://lh3.googleusercontent.com/gps-cs-s/AC9h4nroyha5_JfMJR2PdnIWdBrkJe8jU7a733DAV1IRnJ_JJoDaqnFCTxqmmddiUoV8fdJxchT8mq1BNzUX-JkhsSgMEA6NlPXP9_03krP-9h_fKCwvRQuxE9KXAQ96HYhh-i4dNUxM=w80-h142-k-no,https://serpapi.com/images/url/-_o353icBcHdEkJAGADQJ9r8JttMF0KTbRgppStjLD5hN5ZS79dD9Dad8_vCOD7EWpJa0BYV51VbTKIYcs7Ggo2LnHdS9RAoF0hIlo1BZwN_Q7ZMSemTSA0p8650OzSkMO_xKltpmmNdFC9iJCWEO1nPdvZ57ruO0jrmF7OkZM7hbHa9sg0-cYJIA-JU-a5lBG2YhDiVtWYIEYa0PNivZ3ScZhcfEuuIjf0NANU6DeLZ37xMGYGiq6hBjP8BxkpEEw,https://serpapi.com/search.json?data_id=0x98ad80c13dde5b%3A0x1e1e42618a3dabe6&engine=google_maps_reviews&hl=pt,https://serpapi.com/search.json?data_id=0x98ad80c13dde5b%3A0x1e1e42618a3dabe6&engine=google_maps_photos&hl=pt,https://serpapi.com/search.json?engine=google_maps&google_domain=google.com&hl=pt&place_id=ChIJW949wYCtmAAR5qs9imFCHh4,"Pedro Teixeira, MG",sorveterias,2025-07-29T00:44:57.486219,COMPLETA
1,MERCADO MUNICIPAL (Teixeira de Freitas),ChIJN7IMYgZENQcRrdp3tDAoadc,0x7354406620cb237:0xd7692830b477daad,15521981780360420013,/g/11w8qszw21,4.8,12,,,,"R. Mal. Euríco Gáspar Dutra, 82 - São Pedro, Teixeira de Freitas - BA, 45985-106, Brasil",-17.534884599999998,-39.7420919,,,,,,,,Entrada com acessibilidade para pessoas em cadeira de rodas,,,,"""Muito bom, muita variedade de produtos.""",https://lh3.googleusercontent.com/gps-cs-s/AC9h4nqkX9GddEDFjSjLbE_OxZ42AAAH42KjfWS1YPQHmDw1M9JWKQWIYPu0XyDAKAwPwij-sQiyOPQZLuh67DI2DjgQ9vWAD24Ws0AMLnvAZMY2Y0c2iqOVU7kVBpcWDcG7KlS1lfjRDA=w80-h106-k-no,https://serpapi.com/images/url/10eYfHicBcFbjoIwFADQFVVKJSKTzMcd6xMIVDJW-DGxIqVgi1MQXeGswd14zvtf9n1nvxynldNJZUzVloMt_4TRfan7iTA3p-osEhZZBxaB9PS9OQbry2VJVypT0Xl5Sp6FRwBg45FQXXnm5inb3OjoxsGOh4xv83TAxxeFEMZ0rBWyrH4lKSuiQc58uiVUVSx4cKDE4xZDHOkHFHFOcixIfU8Ov35z-OkEp2Lth23mtle1p_A9zjGSLp6hBmnzAZ3bQu8,https://serpapi.com/search.json?data_id=0x7354406620cb237%3A0xd7692830b477daad&engine=google_maps_reviews&hl=pt,https://serpapi.com/search.json?data_id=0x7354406620cb237%3A0xd7692830b477daad&engine=google_maps_photos&hl=pt,https://serpapi.com/search.json?engine=google_maps&google_domain=google.com&hl=pt&place_id=ChIJN7IMYgZENQcRrdp3tDAoadc,"Pedro Teixeira, MG",mercados_municipais,2025-07-29T00:45:00.539173,COMPLETA
2,Mercadão - Feira municipal de Teixeira de Freitas,ChIJlVbvAQBFNQcRsRO5eRPfh9g,0x735450001ef5695:0xd887df1379b913b1,15602684708787917745,/g/11wvwrn_44,4.5,2,Mercado,Mercado,market,"R. Manoel Etelvina, 13 - São Pedro, Teixeira de Freitas - BA, 45995-143, Brasil",-17.5347732,-39.7424922,,,,,,,,Entrada com acessibilidade para pessoas em cadeira de rodas,"Cartão de crédito, Cartão de débito, Pagamentos por dispositivo móvel via NFC",,,"""Bom muitas variedade de coisas boa""",https://streetviewpixels-pa.googleapis.com/v1/thumbnail?panoid=TDhDhmXoLEO5vXipwNBwvQ&cb_client=search.gws-prod.gps&w=80&h=92&yaw=141.04337&pitch=0&thumbfov=100,https://serpapi.com/images/url/KxkAfHicHc1LCsIwFADA22RnPrbiB4IgdSeK4KI7SdM0eZA2jyYmehuv5W0ULzDzebuUMO4Yi2k2JmUwBeFpfFygojYE641CiFSHkWXBknuM3aTA71FNAXp5a1zjxjacjpdVbgHL-VDylejurj2YKclo1KwdteUnzqGnFiMpcsOJk9sleakiRS0or6tqTRCSdpKT_zKELAXnX5cIOeA,https://serpapi.com/search.json?data_id=0x735450001ef5695%3A0xd887df1379b913b1&engine=google_maps_reviews&hl=pt,https://serpapi.com/search.json?data_id=0x735450001ef5695%3A0xd887df1379b913b1&engine=google_maps_photos&hl=pt,https://serpapi.com/search.json?engine=google_maps&google_domain=google.com&hl=pt&place_id=ChIJlVbvAQBFNQcRsRO5eRPfh9g,"Pedro Teixeira, MG",mercados_municipais,2025-07-29T00:45:00.539173,COMPLETA
3,PEIXARIA DO MERCADO MUNICIPAL,ChIJQRTZWAZENQcRwNG9DHB2q2s,0x735440658d91441:0x6bab76700cbdd1c0,7758425006697992640,/g/11w33tfq1w,,0,,,,"R. Manoel Etelvina - São Pedro, Teixeira de Freitas - BA, 45985-098, Brasil",-17.5341195,-39.7422156,,,,,,,,Entrada com acessibilidade para pessoas em cadeira de rodas,,,,,https://streetviewpixels-pa.googleapis.com/v1/thumbnail?panoid=C39s5M9GQjXlX2NPcqkCpw&cb_client=search.gws-prod.gps&w=80&h=92&yaw=110.49707&pitch=0&thumbfov=100,https://serpapi.com/images/url/fF9m7HicHc1LDsIgFADA27CTj59UTF5cdOFKo7vuDKUIKC3PgkVv47W8jcYLzHzeLmdMG8ZSHo3JkzcF_dOENENFbYw2GIU-UR17NgmW3aNvB-XDFtUQfQf1QqbVXu5O1yY088NR3281FqLbsw7eDBmSUaN21JafOMaOWkykwJoTB3JOXqqAEJwuZcUrgj5rB5z8l0ucQHD-BVjtOTk,https://serpapi.com/search.json?data_id=0x735440658d91441%3A0x6bab76700cbdd1c0&engine=google_maps_reviews&hl=pt,https://serpapi.com/search.json?data_id=0x735440658d91441%3A0x6bab76700cbdd1c0&engine=google_maps_photos&hl=pt,https://serpapi.com/search.json?engine=google_maps&google_domain=google.com&hl=pt&place_id=ChIJQRTZWAZENQcRwNG9DHB2q2s,"Pedro Teixeira, MG",mercados_municipais,2025-07-29T00:45:00.539173,COMPLETA
4,Mercado Central de Belo Horizonte,ChIJAz0eA-KZpgARYAFkjcWmbI4,0xa699e2031e3d03:0x8e6ca6c58d640160,10262761018281427296,/g/1tdfvcmd,4.7,155332,Mercado,"Mercado, Atração turística",market,"Av. Augusto de Lima, 744 - Centro, Belo Horizonte - MG, 30190-922, Brasil",-19.923046199999998,-43.9431479,+55 31 3274-9434,http://mercadocentral.com.br/,Fechado ⋅ Abre às 08:00,Fechado ⋅ Abre às 08:00,terça-feira: 08:00–18:00; quarta-feira: 08:00–18:00; quinta-feira: 08:00–18:00; sexta-feira: 08:00–18:00; sábado: 08:00–18:00; domingo: 08:00–13:00; segunda-feira: 08:00–18:00,,,"Banheiro com acessibilidade para pessoas em cadeira de rodas, Entrada com acessibilidade para pessoas em cadeira de rodas, Estacionamento com acessibilidade para pessoas em cadeira de rodas","Cartão de crédito, Cartão de débito, Pagamentos por dispositivo móvel via NFC",Serviços no local,,,https://lh3.googleusercontent.com/gps-cs-s/AC9h4nrBTchcQkoSYOa2izfbJTov1R8cp0dGDxk7M_xopTpisJ-vaCkj_YHFWPFnijPASqPjfcrVNaM0IqfcQMOcEOshj3RwjUb1qGzXi7K_s-_u1GZL59DXz3VNABWE_kZbTTTEA0Pc=w138-h92-k-no,https://serpapi.com/images/url/vItld3icBcFJDoIwFADQE1VANIqJC1TECUGs46aBL1BabQvFIdzPQ3gb3_t9adMoPTKMO7U7hZTFPXvqrAYpmkw0HZAPo1AagUbacKcO7Yl6goHCjsv9JUy6ZZunKyxfVjwEZd782YcPAvKRCqtSr9ArmXJGLov5KZqLkkXuvopYDvVxmwTmssphF4TghZoyO36zQ2pVfnsuB2uiEXla_nXTd2bn1j5u3cnJI_yaYow914xg_LbsIaJOF3Ek5B9UYkU5,https://serpapi.com/search.json?data_id=0xa699e2031e3d03%3A0x8e6ca6c58d640160&engine=google_maps_reviews&hl=pt,https://serpapi.com/search.json?data_id=0xa699e2031e3d03%3A0x8e6ca6c58d640160&engine=google_maps_photos&hl=pt,https://serpapi.com/search.json?engine=google_maps&google_domain=google.com&hl=pt&place_id=ChIJAz0eA-KZpgARYAFkjcWmbI4,"Pedro Teixeira, MG",mercados_municipais,2025-07-29T00:45:00.539173,COMPLETA
5,Pedro Teixeira Câmara Municipal,ChIJqdgnIIetmAAR5b13JrM5hyA,0x98ad872027d8a9:0x208739b32677bde5,2343905572676943333,/g/1yfjd4330,4.6,22,Prefeitura,Prefeitura,city_hall,"Rua Coronel João Jacinto, 280 - Centro, Pedro Teixeira - MG, 36148-000, Brasil",-21.7063392,-43.748224099999995,,,,,,,,"Entrada com acessibilidade para pessoas em cadeira de rodas, Estacionamento com acessibilidade para pessoas em cadeira de rodas",,,,"""cidade pequena e muito tranquila""",https://lh3.googleusercontent.com/gps-cs-s/AC9h4nqhkfd5GuR9kb1n5KyEEMTb3VOZqM0EoiWLPVBK3tcE7v8GRNs53haVUr9A4sfTUek3RSq1qDSjFZ7RxB5UYT82wM7PavrrEP7LhEcINAB0A8kZDxmYGC8SklOOpuEysVnCBpgI=w122-h92-k-no,https://serpapi.com/images/url/BUrlpXicBcFJDoIwAADAF1WWSgATDyyVGEUIm5EbVKBabIEWhQf6CH_jzO9LpBzETlF6Ajcd513fzKKZMGeyYXKD-UvpBgGwAEJxPJts2UhoezeCObFprTHjtCIUZjUsonIMVcQf13NcuCcoMTLfVpBchAFJVeST7WxFm-UNhUk6aqOfPg-lmSyukd8yS_-EZly9pwnF5pkgfLw4rupYtPSX1y3wrJT2UTTMaBUF89yhO-4_mq4DYuuAAsb_YFhDXA,https://serpapi.com/search.json?data_id=0x98ad872027d8a9%3A0x208739b32677bde5&engine=google_maps_reviews&hl=pt,https://serpapi.com/search.json?data_id=0x98ad872027d8a9%3A0x208739b32677bde5&engine=google_maps_photos&hl=pt,https://serpapi.com/search.json?engine=google_maps&google_domain=google.com&hl=pt&place_id=ChIJqdgnIIetmAAR5b13JrM5hyA,"Pedro Teixeira, MG",mercados_municipais,2025-07-29T00:45:00.539173,COMPLETA
6,Mercado Municipal Caravelas,ChIJ3Zbnp99FNQcRyuxL3hWdj5E,0x73545dfa7e796dd:0x918f9d15de4becca,10488774774418566346,/g/11gvfpsvmw,4.3,8,Feira Livre,Feira Livre,wholesale_market,"Av. Pres. Getúlio Vargas - Vila Vargas, Teixeira de Freitas - BA, 45993-003, Brasil",-17.537551,-39.7501739,,http://www.teixeiradefreitas.ba.gov.br/,,,,,,Entrada com acessibilidade para pessoas em cadeira de rodas,,,,"""Uma ótima opção na modalidade de feira livre""",https://lh3.googleusercontent.com/gps-cs-s/AC9h4nq9i85r5j_R7-J5Z2yAZdLqGrVedWVk2k_pqrY-ET7d5_A_IGRCI3b-CX_lROD4FZevOzCsAF1y8oEowjJlWfjhADsxM2GapFSBNBqtCWUbRIppwgXZceOpPHl-EXTcG_TpO7VV=w80-h121-k-no,https://serpapi.com/images/url/jjBtJnicBcFRboIwGADgE_0yUAKa-FArMIyKQQaMl2aWjg4qLbSK7n4eYrfZ9_29uDFKryxL8PmskbIR7KbZSGVvWG9mVF6tRmmgGrSF8JIv-mH547uj25LUg51bOU9U1fshGnNWF3nndEQN4ycEmVe7BJE4SnE8vwAuiUiT7SKs2D35xRqF9tOXgZzanSi-W462-nFwoi8VnjfHzWBw8XFJY6WmpqwoS9TpXUBQZjQimUq8PF9P_htw27Ghg17-A3cYRAU,https://serpapi.com/search.json?data_id=0x73545dfa7e796dd%3A0x918f9d15de4becca&engine=google_maps_reviews&hl=pt,https://serpapi.com/search.json?data_id=0x73545dfa7e796dd%3A0x918f9d15de4becca&engine=google_maps_photos&hl=pt,https://serpapi.com/search.json?engine=google_maps&google_domain=google.com&hl=pt&place_id=ChIJ3Zbnp99FNQcRyuxL3hWdj5E,"Pedro Teixeira, MG",mercados_municipais,2025-07-29T00:45:00.539173,COMPLETA
8,Mercado Maurílio Alves Teixeira,ChIJ0ZWV7rG7nwAR0M4vkmt7WkE,0x9fbbb1ee9595d1:0x415a7b6b922fced0,4709212062313598672,/g/11b6hvsl7l,4.7,11,Mercado,Mercado,market,"Av. Belo Horizonte, Minduri - MG, 37447-000, Brasil",-21.683013,-44.598073,+55 35 3326-1389,,Fechado ⋅ Abre às 09:00,Fechado ⋅ Abre às 09:00,terça-feira: 09:00–19:00; quarta-feira: 09:00–19:00; quinta-feira: 09:00–19:00; sexta-feira: 09:00–19:00; sábado: 09:00–19:00; domingo: Fechado; segunda-feira: 09:00–19:00,,,,"Cartão de crédito, Cartão de débito, Pagamentos por dispositivo móvel via NFC",,,,https://streetviewpixels-pa.googleapis.com/v1/thumbnail?panoid=oU9Y6uWvTnr8V6I6POr13Q&cb_client=search.gws-prod.gps&w=80&h=92&yaw=342.7186&pitch=0&thumbfov=100,https://serpapi.com/images/url/CorSY3icHc3LDcIgAADQbbjJpzXYmhDPntTETzwZSimQUCBAQadxLrfRuMB7n7fOOaQtQilHKXMxsgbzlDatAofKe2UlDyZB4WdUCMp6mQfHjd0F7rwZmb_0d7rcytnF7kr39HiIpD0BMTyENdJlliSPQkNVf2L0I1Qhgco6DDTrG_DilbXrBm5IR0EwWWiGwT-ZfGEE4y8fYDjh,https://serpapi.com/search.json?data_id=0x9fbbb1ee9595d1%3A0x415a7b6b922fced0&engine=google_maps_reviews&hl=pt,https://serpapi.com/search.json?data_id=0x9fbbb1ee9595d1%3A0x415a7b6b922fced0&engine=google_maps_photos&hl=pt,https://serpapi.com/search.json?engine=google_maps&google_domain=google.com&hl=pt&place_id=ChIJ0ZWV7rG7nwAR0M4vkmt7WkE,"Pedro Teixeira, MG",mercados_municipais,2025-07-29T00:45:00.539173,COMPLETA
9,Mercado Municipal de Itabirito,ChIJ8yClbPGppgARttpcxUzCC9k,0xa6a9f16ca520f3:0xd90bc24cc55cdab6,15639807765958679222,/g/11c170vg3g,4.3,300,Mercado de produtos agrícolas,Mercado de produtos agrícolas,produce_market,"R. Dr. Euríco Rodrigues, 486 - Praia, Itabirito - MG, 35450-000, Brasil",-20.247455799999997,-43.804104099999996,,,Fechado ⋅ Abre qua. às 17:00,Fechado ⋅ Abre qua. às 17:00,terça-feira: Fechado; quarta-feira: 17:00–22:00; quinta-feira: 17:00–22:00; sexta-feira: 17:00–22:00; sábado: 07:00–16:00; domingo: Fechado; segunda-feira: Fechado,,,Entrada com acessibilidade para pessoas em cadeira de rodas,"Cartão de crédito, Cartão de débito",,,"""Faz igual sr Juquina, de opções de forma de pagamento e variedade.""",https://lh3.googleusercontent.com/gps-cs-s/AC9h4norFHFSpsBxmtKIZB3dNXsYu_5M2rwWOTpEB2eGUp7L40xo6O2yAvwyGBVQFGDr8lbXiNaVItS3ARIKVPUEMcCZi0HhYZPiHnwGMGSLjCvxJIoB_IHFx6WQJmsyjH1KnZwqfvI=w163-h92-k-no,https://serpapi.com/images/url/nJPf7XicBcHtFoEwAADQJ5oo8nGOHy3aJvmK0B-HpEVt06bV-3kJb-Pe35cqJeTEMApqdTLOsyL9yLRKOFMpU52El0YmJEgkkIbjjmmf8crDXigkbErlkxha99VJnj-XQWBW-rjeizk0U3QQw2W_23B7bbZOrVsEo62HZtWouJ3y1TUiKrScHfGjzWEeJG6cdzE9x5scM40CFC6fbt0sCIcXgr3GPm4XpWyfuOezWL8fNZnqnm0BOjbBCzD-B38WRFA,https://serpapi.com/search.json?data_id=0xa6a9f16ca520f3%3A0xd90bc24cc55cdab6&engine=google_maps_reviews&hl=pt,https://serpapi.com/search.json?data_id=0xa6a9f16ca520f3%3A0xd90bc24cc55cdab6&engine=google_maps_photos&hl=pt,https://serpapi.com/search.json?engine=google_maps&google_domain=google.com&hl=pt&place_id=ChIJ8yClbPGppgARttpcxUzCC9k,"Pedro Teixeira, MG",mercados_municipais,2025-07-29T00:45:00.539173,COMPLETA
